{
  "project_info": {
    "project_number": "372495115726",
    "firebase_url": "https://rn-ui-a37a1.firebaseio.com",
    "project_id": "rn-ui-a37a1",
    "storage_bucket": "rn-ui-a37a1.appspot.com"
  },
  "client": [
    {
      "client_info": {
        "mobilesdk_app_id": "1:372495115726:android:dba177a0b1ce773a",
        "android_client_info": {
          "package_name": "com.rn_ui"
        }
      },
      "oauth_client": [
        {
          "client_id": "372495115726-2edbncq5f45aqh73dkk8ck918unk6p13.apps.googleusercontent.com",
          "client_type": 3
        }
      ],
      "api_key": [
        {
          "current_key": "AIzaSyBdHmHvidi5wz-s_0MI9FVjRTtEWfId5kQ"
        }
      ],
      "services": {
        "analytics_service": {
          "status": 1
        },
        "appinvite_service": {
          "status": 1,
          "other_platform_oauth_client": []
        },
        "ads_service": {
          "status": 2
        }
      }
    }
  ],
  "configuration_version": "1"
}